epoch,time,train/box_loss,train/cls_loss,train/dfl_loss,metrics/precision(B),metrics/recall(B),metrics/mAP50(B),metrics/mAP50-95(B),val/box_loss,val/cls_loss,val/dfl_loss,lr/pg0,lr/pg1,lr/pg2
1,12.3756,0.72976,0.46954,0.96615,0.86869,0.66001,0.74603,0.54749,1.00581,0.81439,1.06716,0.081019,1.9e-05,1.9e-05
2,23.687,0.67332,0.43218,0.95087,0.89142,0.69585,0.81052,0.6187,0.9025,0.81147,0.99643,0.0610389,3.89228e-05,3.89228e-05
3,34.9198,0.71341,0.43499,0.98716,0.90704,0.73169,0.83679,0.65417,0.8436,0.67053,0.97908,0.0410588,5.87664e-05,5.87664e-05
4,45.7057,0.62177,0.40234,0.92919,0.89505,0.75111,0.84266,0.66343,0.812,0.62288,0.964,0.0210785,7.85307e-05,7.85307e-05
5,56.7791,0.58919,0.40003,0.91332,0.91199,0.75339,0.84801,0.67329,0.80619,0.602,0.96407,0.00109822,9.82159e-05,9.82159e-05
6,67.8449,0.59983,0.39097,0.91838,0.91682,0.75218,0.85113,0.67581,0.79821,0.58567,0.9568,9.901e-05,9.901e-05,9.901e-05
7,78.934,0.60761,0.38925,0.92737,0.92159,0.74501,0.85085,0.67628,0.78754,0.5754,0.94761,9.8812e-05,9.8812e-05,9.8812e-05
8,90.1976,0.6065,0.39457,0.92177,0.91528,0.75218,0.85022,0.67556,0.7896,0.57269,0.94694,9.8614e-05,9.8614e-05,9.8614e-05
9,101.294,0.58542,0.39047,0.93025,0.92664,0.74398,0.85019,0.67619,0.78221,0.57386,0.94538,9.8416e-05,9.8416e-05,9.8416e-05
10,112.405,0.59417,0.37587,0.91854,0.91733,0.7491,0.85044,0.67487,0.78375,0.5684,0.94674,9.8218e-05,9.8218e-05,9.8218e-05
11,123.12,0.58649,0.4125,0.91302,0.9128,0.75371,0.84964,0.67476,0.78458,0.56613,0.94837,9.802e-05,9.802e-05,9.802e-05
12,133.811,0.58207,0.36635,0.91129,0.92103,0.75248,0.85002,0.67519,0.79196,0.56812,0.94968,9.7822e-05,9.7822e-05,9.7822e-05
13,144.594,0.60494,0.3835,0.92792,0.92461,0.7532,0.84913,0.67616,0.7893,0.57071,0.94905,9.7624e-05,9.7624e-05,9.7624e-05
14,155.421,0.576,0.37963,0.91313,0.93088,0.74757,0.84974,0.67307,0.79465,0.56745,0.9485,9.7426e-05,9.7426e-05,9.7426e-05
15,166.2,0.58335,0.37192,0.91506,0.92427,0.74859,0.85041,0.67645,0.78318,0.56194,0.94874,9.7228e-05,9.7228e-05,9.7228e-05
16,177.019,0.59793,0.39775,0.9281,0.92812,0.74706,0.84898,0.67622,0.78423,0.56475,0.94553,9.703e-05,9.703e-05,9.703e-05
17,187.806,0.59983,0.37823,0.90477,0.92107,0.75285,0.84921,0.6757,0.78703,0.55934,0.94707,9.6832e-05,9.6832e-05,9.6832e-05
18,198.72,0.5917,0.38118,0.92978,0.91965,0.75832,0.84968,0.67435,0.79071,0.56149,0.94822,9.6634e-05,9.6634e-05,9.6634e-05
19,209.478,0.59489,0.38408,0.92318,0.92403,0.75371,0.84907,0.67431,0.79382,0.56386,0.94898,9.6436e-05,9.6436e-05,9.6436e-05
20,220.223,0.57897,0.37504,0.91855,0.91436,0.75986,0.84908,0.67246,0.79326,0.56321,0.94815,9.6238e-05,9.6238e-05,9.6238e-05
21,231.043,0.61392,0.40298,0.932,0.92336,0.75166,0.84761,0.6719,0.78708,0.56141,0.94614,9.604e-05,9.604e-05,9.604e-05
22,241.898,0.61694,0.37792,0.9209,0.92174,0.75422,0.84767,0.67433,0.78023,0.56566,0.94261,9.5842e-05,9.5842e-05,9.5842e-05
23,252.8,0.58909,0.36998,0.91312,0.91554,0.75269,0.84482,0.66957,0.79019,0.57219,0.94569,9.5644e-05,9.5644e-05,9.5644e-05
24,263.51,0.6085,0.38894,0.92647,0.91711,0.7478,0.84321,0.66988,0.789,0.5716,0.94696,9.5446e-05,9.5446e-05,9.5446e-05
25,274.256,0.58416,0.37262,0.91773,0.91681,0.75064,0.84603,0.67372,0.78026,0.56667,0.946,9.5248e-05,9.5248e-05,9.5248e-05
26,285.006,0.56453,0.36978,0.91165,0.9238,0.74496,0.84649,0.67486,0.78019,0.56611,0.94687,9.505e-05,9.505e-05,9.505e-05
27,295.826,0.57069,0.35906,0.90825,0.91678,0.75022,0.84742,0.67807,0.77805,0.56828,0.94617,9.4852e-05,9.4852e-05,9.4852e-05
28,306.601,0.56411,0.3619,0.9078,0.92315,0.74808,0.84825,0.67521,0.78551,0.57315,0.94758,9.4654e-05,9.4654e-05,9.4654e-05
29,317.372,0.59345,0.3778,0.92514,0.91618,0.75576,0.84714,0.67393,0.78649,0.57336,0.94662,9.4456e-05,9.4456e-05,9.4456e-05
30,328.092,0.58189,0.37582,0.9101,0.9036,0.76311,0.84746,0.67331,0.78474,0.5694,0.94457,9.4258e-05,9.4258e-05,9.4258e-05
31,338.793,0.58003,0.38177,0.92426,0.90456,0.76242,0.84771,0.67293,0.78109,0.55945,0.94384,9.406e-05,9.406e-05,9.406e-05
32,349.7,0.55555,0.35866,0.90247,0.91722,0.75474,0.84652,0.67256,0.78078,0.55822,0.9438,9.3862e-05,9.3862e-05,9.3862e-05
33,360.424,0.55859,0.36489,0.90853,0.91073,0.75832,0.84646,0.67229,0.78569,0.56718,0.94436,9.3664e-05,9.3664e-05,9.3664e-05
34,371.154,0.61364,0.37567,0.95139,0.91485,0.75363,0.84668,0.67394,0.78501,0.57083,0.94484,9.3466e-05,9.3466e-05,9.3466e-05
35,381.949,0.5536,0.36192,0.90216,0.91827,0.75115,0.84706,0.67314,0.78428,0.57238,0.94418,9.3268e-05,9.3268e-05,9.3268e-05
36,392.856,0.58784,0.36417,0.91357,0.91384,0.75781,0.84755,0.67176,0.79329,0.57085,0.94807,9.307e-05,9.307e-05,9.307e-05
37,403.524,0.57636,0.37009,0.92038,0.9157,0.75638,0.84664,0.67256,0.78374,0.56617,0.94905,9.2872e-05,9.2872e-05,9.2872e-05
38,414.315,0.58045,0.36246,0.90954,0.91571,0.76242,0.84852,0.67439,0.78435,0.57061,0.94531,9.2674e-05,9.2674e-05,9.2674e-05
39,425.004,0.56925,0.36803,0.9112,0.91317,0.75923,0.8462,0.67488,0.77845,0.56928,0.94553,9.2476e-05,9.2476e-05,9.2476e-05
40,435.778,0.56381,0.36278,0.90717,0.91343,0.76088,0.84591,0.67358,0.78677,0.57272,0.94723,9.2278e-05,9.2278e-05,9.2278e-05
41,446.589,0.5741,0.37265,0.9098,0.91904,0.7573,0.84652,0.67377,0.7845,0.57034,0.94586,9.208e-05,9.208e-05,9.208e-05
42,457.427,0.62294,0.38426,0.95235,0.92266,0.75742,0.84795,0.6751,0.78576,0.56544,0.94621,9.1882e-05,9.1882e-05,9.1882e-05
43,468.237,0.55302,0.35372,0.90296,0.92487,0.75474,0.84725,0.67303,0.79254,0.56649,0.94676,9.1684e-05,9.1684e-05,9.1684e-05
44,478.973,0.57623,0.37083,0.90984,0.92253,0.75166,0.84719,0.67596,0.78338,0.56779,0.94746,9.1486e-05,9.1486e-05,9.1486e-05
45,489.772,0.57289,0.35821,0.912,0.91535,0.75301,0.84516,0.67179,0.78785,0.57325,0.94636,9.1288e-05,9.1288e-05,9.1288e-05
46,500.626,0.57923,0.36884,0.91399,0.90691,0.7573,0.8476,0.67486,0.78377,0.56436,0.94509,9.109e-05,9.109e-05,9.109e-05
47,511.327,0.58895,0.37689,0.91615,0.91849,0.74962,0.84665,0.67106,0.79298,0.56919,0.94622,9.0892e-05,9.0892e-05,9.0892e-05
48,522.063,0.57704,0.38756,0.92236,0.91619,0.7491,0.84485,0.66986,0.78992,0.56827,0.94534,9.0694e-05,9.0694e-05,9.0694e-05
49,532.831,0.55027,0.3549,0.90062,0.91384,0.75269,0.84599,0.67478,0.77993,0.56121,0.94297,9.0496e-05,9.0496e-05,9.0496e-05
50,543.629,0.59045,0.3601,0.91926,0.91707,0.7532,0.8455,0.67358,0.7861,0.5619,0.94373,9.0298e-05,9.0298e-05,9.0298e-05
51,554.412,0.55943,0.36429,0.90942,0.91401,0.75371,0.84637,0.67229,0.78731,0.56879,0.94737,9.01e-05,9.01e-05,9.01e-05
52,565.151,0.58432,0.36898,0.90632,0.91835,0.7491,0.8479,0.67206,0.78806,0.56683,0.94762,8.9902e-05,8.9902e-05,8.9902e-05
53,575.884,0.60172,0.37259,0.94721,0.92307,0.74954,0.8469,0.67102,0.78675,0.56257,0.94654,8.9704e-05,8.9704e-05,8.9704e-05
54,586.608,0.60623,0.37644,0.95219,0.92027,0.75064,0.84571,0.66977,0.7902,0.56553,0.94774,8.9506e-05,8.9506e-05,8.9506e-05
55,597.323,0.59667,0.36654,0.91335,0.92267,0.74535,0.8465,0.67107,0.79228,0.5649,0.94828,8.9308e-05,8.9308e-05,8.9308e-05
56,607.97,0.55599,0.34753,0.8973,0.91584,0.75422,0.84732,0.66841,0.79651,0.56366,0.94771,8.911e-05,8.911e-05,8.911e-05
57,618.712,0.55584,0.36562,0.90802,0.91906,0.75474,0.84746,0.67116,0.79173,0.56181,0.94526,8.8912e-05,8.8912e-05,8.8912e-05
58,629.409,0.53113,0.339,0.893,0.91589,0.75269,0.84584,0.66935,0.79243,0.56053,0.94632,8.8714e-05,8.8714e-05,8.8714e-05
59,640.251,0.56029,0.36362,0.89372,0.90114,0.76074,0.84697,0.67,0.79184,0.5581,0.94544,8.8516e-05,8.8516e-05,8.8516e-05
60,651.154,0.58123,0.39164,0.91389,0.90971,0.75316,0.84551,0.66707,0.79151,0.55436,0.94715,8.8318e-05,8.8318e-05,8.8318e-05
61,662.002,0.57486,0.40389,0.90811,0.90978,0.75389,0.84439,0.66958,0.78349,0.55456,0.94646,8.812e-05,8.812e-05,8.812e-05
62,672.816,0.58477,0.36262,0.94175,0.90746,0.75576,0.84554,0.67015,0.78888,0.56063,0.94952,8.7922e-05,8.7922e-05,8.7922e-05
63,683.545,0.57297,0.35928,0.91098,0.91422,0.75304,0.84408,0.67133,0.78118,0.55696,0.94801,8.7724e-05,8.7724e-05,8.7724e-05
64,694.367,0.56684,0.36648,0.91922,0.91736,0.75028,0.84543,0.6702,0.78534,0.55754,0.94702,8.7526e-05,8.7526e-05,8.7526e-05
65,705.191,0.57522,0.38058,0.92277,0.92418,0.74808,0.84707,0.67238,0.78521,0.5613,0.94455,8.7328e-05,8.7328e-05,8.7328e-05
66,715.972,0.58138,0.36154,0.92267,0.90489,0.75269,0.84568,0.66982,0.79134,0.56891,0.94597,8.713e-05,8.713e-05,8.713e-05
67,726.68,0.54947,0.36023,0.90783,0.9057,0.75735,0.84789,0.67084,0.78985,0.56864,0.94786,8.6932e-05,8.6932e-05,8.6932e-05
68,737.441,0.58366,0.36901,0.9064,0.90801,0.75986,0.84657,0.67249,0.78192,0.56163,0.94418,8.6734e-05,8.6734e-05,8.6734e-05
69,748.267,0.56512,0.36106,0.91582,0.92011,0.75485,0.84862,0.67364,0.78488,0.56059,0.94391,8.6536e-05,8.6536e-05,8.6536e-05
70,759.047,0.5959,0.37766,0.92256,0.91798,0.75071,0.84826,0.67381,0.79069,0.55873,0.9447,8.6338e-05,8.6338e-05,8.6338e-05
71,769.845,0.56085,0.35952,0.92243,0.91828,0.75378,0.8494,0.67695,0.78808,0.55836,0.94592,8.614e-05,8.614e-05,8.614e-05
72,780.576,0.57161,0.36787,0.91508,0.9232,0.75091,0.84931,0.67412,0.79387,0.56965,0.94757,8.5942e-05,8.5942e-05,8.5942e-05
73,791.393,0.56898,0.37021,0.91658,0.92055,0.74752,0.84674,0.67338,0.79109,0.57104,0.94818,8.5744e-05,8.5744e-05,8.5744e-05
74,802.24,0.56415,0.36272,0.90518,0.92006,0.74845,0.84465,0.67214,0.79134,0.56549,0.94892,8.5546e-05,8.5546e-05,8.5546e-05
75,812.986,0.54584,0.34435,0.89371,0.90938,0.75537,0.84493,0.67255,0.78822,0.55915,0.94864,8.5348e-05,8.5348e-05,8.5348e-05
76,823.741,0.55237,0.35418,0.90705,0.9169,0.75064,0.84641,0.67333,0.78738,0.56369,0.94619,8.515e-05,8.515e-05,8.515e-05
77,834.541,0.59576,0.3655,0.92845,0.9209,0.74654,0.84583,0.67375,0.78643,0.56905,0.94576,8.4952e-05,8.4952e-05,8.4952e-05
78,845.346,0.61763,0.40958,0.95223,0.92187,0.74296,0.84803,0.67755,0.7837,0.57084,0.94528,8.4754e-05,8.4754e-05,8.4754e-05
79,856.16,0.57014,0.38583,0.90738,0.92016,0.74355,0.84538,0.67482,0.78537,0.56802,0.94568,8.4556e-05,8.4556e-05,8.4556e-05
80,866.887,0.57055,0.35821,0.90955,0.91135,0.75269,0.84425,0.67121,0.78717,0.5633,0.94478,8.4358e-05,8.4358e-05,8.4358e-05
81,877.702,0.56215,0.36753,0.92003,0.9078,0.75678,0.84502,0.67249,0.78615,0.55718,0.94504,8.416e-05,8.416e-05,8.416e-05
82,888.508,0.56048,0.36358,0.90857,0.91136,0.75781,0.84757,0.67334,0.78957,0.55757,0.94624,8.3962e-05,8.3962e-05,8.3962e-05
83,899.249,0.55582,0.34956,0.90494,0.914,0.75422,0.84753,0.67452,0.7867,0.56348,0.94525,8.3764e-05,8.3764e-05,8.3764e-05
84,909.999,0.58452,0.35268,0.93622,0.91114,0.7573,0.8462,0.67293,0.78382,0.5601,0.94482,8.3566e-05,8.3566e-05,8.3566e-05
85,920.845,0.60022,0.44001,1.0256,0.91547,0.75678,0.84789,0.67471,0.78886,0.56265,0.94501,8.3368e-05,8.3368e-05,8.3368e-05
86,931.813,0.56989,0.3749,0.91369,0.91668,0.76242,0.84991,0.67768,0.78269,0.56338,0.94372,8.317e-05,8.317e-05,8.317e-05
87,942.698,0.54924,0.35618,0.89948,0.91083,0.76362,0.84935,0.67385,0.78807,0.56389,0.94478,8.2972e-05,8.2972e-05,8.2972e-05
88,953.575,0.5813,0.40368,0.92202,0.91541,0.76242,0.84813,0.67492,0.78466,0.56359,0.94688,8.2774e-05,8.2774e-05,8.2774e-05
89,964.469,0.55958,0.35576,0.91214,0.89943,0.76293,0.84711,0.67385,0.78678,0.56609,0.94542,8.2576e-05,8.2576e-05,8.2576e-05
90,975.267,0.53613,0.34742,0.89041,0.91502,0.75115,0.84558,0.67247,0.78272,0.56565,0.9436,8.2378e-05,8.2378e-05,8.2378e-05
91,986.139,0.54857,0.36095,0.90916,0.91063,0.75654,0.84563,0.67278,0.78383,0.56593,0.94372,8.218e-05,8.218e-05,8.218e-05
92,996.912,0.56261,0.36113,0.91766,0.92009,0.74654,0.84419,0.67403,0.78217,0.56787,0.94306,8.1982e-05,8.1982e-05,8.1982e-05
93,1007.71,0.54892,0.35334,0.90897,0.92092,0.74757,0.84408,0.67188,0.78544,0.56403,0.94242,8.1784e-05,8.1784e-05,8.1784e-05
94,1018.51,0.58859,0.38641,0.91841,0.92289,0.75064,0.84617,0.67556,0.78316,0.56613,0.94294,8.1586e-05,8.1586e-05,8.1586e-05
95,1029.37,0.59722,0.3767,0.91719,0.92051,0.74859,0.84623,0.67477,0.78564,0.56855,0.94398,8.1388e-05,8.1388e-05,8.1388e-05
96,1040.2,0.53883,0.3513,0.90665,0.90874,0.75576,0.84621,0.67463,0.78824,0.56541,0.94421,8.119e-05,8.119e-05,8.119e-05
97,1050.96,0.55734,0.34875,0.89479,0.91858,0.74962,0.84654,0.67553,0.78303,0.56383,0.94349,8.0992e-05,8.0992e-05,8.0992e-05
98,1061.71,0.56788,0.36422,0.93304,0.91696,0.75194,0.84541,0.67223,0.78819,0.56171,0.94578,8.0794e-05,8.0794e-05,8.0794e-05
99,1072.51,0.55642,0.35741,0.90217,0.91599,0.75371,0.84617,0.67258,0.78621,0.5586,0.9446,8.0596e-05,8.0596e-05,8.0596e-05
100,1083.37,0.5345,0.34513,0.89045,0.9189,0.7532,0.84488,0.67368,0.78199,0.55141,0.94154,8.0398e-05,8.0398e-05,8.0398e-05
101,1094.21,0.58121,0.36721,0.93192,0.9177,0.75474,0.84541,0.67219,0.78223,0.55221,0.94053,8.02e-05,8.02e-05,8.02e-05
102,1105.02,0.56432,0.35507,0.90118,0.91747,0.7532,0.8466,0.67305,0.7808,0.55353,0.94293,8.0002e-05,8.0002e-05,8.0002e-05
103,1115.93,0.5558,0.36042,0.91044,0.92121,0.75218,0.84597,0.67074,0.79174,0.5619,0.94554,7.9804e-05,7.9804e-05,7.9804e-05
104,1126.61,0.56661,0.35928,0.91505,0.92346,0.75368,0.84711,0.67334,0.79087,0.56532,0.9449,7.9606e-05,7.9606e-05,7.9606e-05
105,1137.43,0.62348,0.43101,0.99462,0.91872,0.75218,0.84796,0.67519,0.78874,0.56645,0.94403,7.9408e-05,7.9408e-05,7.9408e-05
106,1148.21,0.55537,0.35298,0.90996,0.91474,0.75934,0.84841,0.67531,0.78292,0.56525,0.94321,7.921e-05,7.921e-05,7.921e-05
107,1159.07,0.54442,0.3582,0.90471,0.91473,0.75796,0.84872,0.67638,0.78234,0.56319,0.94246,7.9012e-05,7.9012e-05,7.9012e-05
108,1169.95,0.54988,0.35994,0.89479,0.91637,0.75576,0.84875,0.67373,0.7823,0.55942,0.94082,7.8814e-05,7.8814e-05,7.8814e-05
109,1180.75,0.5509,0.36162,0.90642,0.92065,0.75525,0.84693,0.67351,0.78687,0.56022,0.94076,7.8616e-05,7.8616e-05,7.8616e-05
110,1191.52,0.56788,0.36655,0.90838,0.91904,0.75781,0.84801,0.67319,0.78325,0.55687,0.9419,7.8418e-05,7.8418e-05,7.8418e-05
111,1202.42,0.55013,0.36054,0.89911,0.91715,0.75986,0.84611,0.67161,0.78567,0.5605,0.94294,7.822e-05,7.822e-05,7.822e-05
112,1213.19,0.55448,0.35573,0.89951,0.91791,0.75678,0.84746,0.67399,0.78218,0.55884,0.94382,7.8022e-05,7.8022e-05,7.8022e-05
113,1224,0.54633,0.35571,0.90003,0.91867,0.75422,0.84804,0.67441,0.78485,0.56136,0.94537,7.7824e-05,7.7824e-05,7.7824e-05
114,1234.82,0.54897,0.35139,0.89732,0.91504,0.75627,0.84793,0.67305,0.78689,0.55957,0.9455,7.7626e-05,7.7626e-05,7.7626e-05
115,1245.52,0.56533,0.35023,0.91398,0.90416,0.76344,0.84807,0.67129,0.78662,0.56413,0.94363,7.7428e-05,7.7428e-05,7.7428e-05
116,1256.27,0.55495,0.35048,0.89683,0.90607,0.76063,0.84772,0.67227,0.78525,0.56248,0.94454,7.723e-05,7.723e-05,7.723e-05
117,1267.17,0.56099,0.35641,0.91952,0.91452,0.75598,0.84717,0.6738,0.78508,0.56483,0.94398,7.7032e-05,7.7032e-05,7.7032e-05
118,1277.95,0.54807,0.35547,0.90523,0.91414,0.75422,0.8477,0.67475,0.78353,0.56117,0.94264,7.6834e-05,7.6834e-05,7.6834e-05
119,1288.76,0.58031,0.37221,0.91636,0.92069,0.75269,0.84837,0.6738,0.78476,0.56112,0.94192,7.6636e-05,7.6636e-05,7.6636e-05
120,1299.45,0.55995,0.34732,0.90547,0.91338,0.75422,0.8479,0.67391,0.78356,0.56018,0.94079,7.6438e-05,7.6438e-05,7.6438e-05
121,1310.17,0.55024,0.35162,0.90156,0.91684,0.75525,0.84956,0.67521,0.7814,0.55567,0.94087,7.624e-05,7.624e-05,7.624e-05
122,1320.92,0.56979,0.35468,0.92299,0.9149,0.75422,0.84984,0.6729,0.78923,0.56594,0.94472,7.6042e-05,7.6042e-05,7.6042e-05
123,1331.67,0.54074,0.35204,0.90024,0.91991,0.75013,0.84838,0.67486,0.78838,0.56981,0.94668,7.5844e-05,7.5844e-05,7.5844e-05
124,1342.36,0.54821,0.35645,0.90586,0.92382,0.74508,0.84688,0.66988,0.79672,0.56932,0.947,7.5646e-05,7.5646e-05,7.5646e-05
125,1353.17,0.55317,0.35633,0.89817,0.91967,0.75064,0.8475,0.67338,0.78779,0.56331,0.9466,7.5448e-05,7.5448e-05,7.5448e-05
126,1364.15,0.57216,0.37267,0.90381,0.91512,0.75075,0.84794,0.674,0.789,0.56157,0.94572,7.525e-05,7.525e-05,7.525e-05
127,1374.97,0.55121,0.34959,0.89673,0.91572,0.74962,0.84732,0.67475,0.78756,0.56189,0.94517,7.5052e-05,7.5052e-05,7.5052e-05
128,1385.74,0.53466,0.34808,0.8947,0.9098,0.75371,0.84656,0.6737,0.78723,0.56186,0.94612,7.4854e-05,7.4854e-05,7.4854e-05
129,1396.89,0.5274,0.33817,0.89022,0.90339,0.75474,0.84738,0.67339,0.79165,0.57065,0.94845,7.4656e-05,7.4656e-05,7.4656e-05
130,1407.95,0.57607,0.36527,0.91216,0.90494,0.75627,0.8462,0.67175,0.78988,0.5704,0.9483,7.4458e-05,7.4458e-05,7.4458e-05
131,1418.96,0.55364,0.3726,0.90333,0.89718,0.76398,0.84675,0.67228,0.78868,0.56835,0.9489,7.426e-05,7.426e-05,7.426e-05
132,1430.89,0.53222,0.35694,0.90463,0.91388,0.75627,0.84904,0.6744,0.78706,0.56143,0.94714,7.4062e-05,7.4062e-05,7.4062e-05
133,1442.8,0.57828,0.3595,0.93221,0.91176,0.75627,0.84901,0.67481,0.78458,0.55494,0.94617,7.3864e-05,7.3864e-05,7.3864e-05
134,1454.91,0.58717,0.40114,0.93095,0.90709,0.75422,0.84721,0.67619,0.78316,0.55577,0.94444,7.3666e-05,7.3666e-05,7.3666e-05
135,1466.82,0.64381,0.38777,0.91842,0.88307,0.77675,0.84881,0.67667,0.78391,0.55885,0.94293,7.3468e-05,7.3468e-05,7.3468e-05
136,1478.83,0.5704,0.35787,0.93652,0.90622,0.75576,0.84769,0.67656,0.78025,0.56275,0.9426,7.327e-05,7.327e-05,7.327e-05
137,1490.75,0.55179,0.35509,0.91106,0.90506,0.75658,0.8463,0.67666,0.77861,0.56687,0.94151,7.3072e-05,7.3072e-05,7.3072e-05
138,1503.02,0.54533,0.34927,0.89656,0.89742,0.76037,0.84551,0.67732,0.78079,0.57454,0.94307,7.2874e-05,7.2874e-05,7.2874e-05
139,1515.59,0.52141,0.34627,0.87863,0.90622,0.75701,0.84737,0.67827,0.78352,0.57407,0.94435,7.2676e-05,7.2676e-05,7.2676e-05
140,1527.85,0.56756,0.35458,0.92099,0.89245,0.76805,0.84839,0.67939,0.78057,0.56425,0.94321,7.2478e-05,7.2478e-05,7.2478e-05
141,1540.07,0.55278,0.35941,0.90919,0.9004,0.76376,0.84829,0.67723,0.77861,0.55948,0.94297,7.228e-05,7.228e-05,7.228e-05
142,1552.2,0.56788,0.37046,0.92058,0.88723,0.76941,0.84726,0.67457,0.78543,0.5619,0.9425,7.2082e-05,7.2082e-05,7.2082e-05
143,1564.54,0.54827,0.34973,0.90476,0.91066,0.75156,0.84634,0.67346,0.78187,0.55997,0.94369,7.1884e-05,7.1884e-05,7.1884e-05
144,1576.75,0.55458,0.3593,0.91611,0.88178,0.7715,0.84691,0.67397,0.78422,0.55991,0.94349,7.1686e-05,7.1686e-05,7.1686e-05
145,1588.87,0.57843,0.35931,0.91629,0.90769,0.75525,0.84767,0.67575,0.78477,0.56081,0.94378,7.1488e-05,7.1488e-05,7.1488e-05
146,1601.37,0.58214,0.39158,0.98696,0.91313,0.75354,0.84715,0.67601,0.78366,0.56331,0.94409,7.129e-05,7.129e-05,7.129e-05
147,1613.57,0.55677,0.35034,0.92322,0.91092,0.75371,0.84784,0.67451,0.78328,0.56302,0.94409,7.1092e-05,7.1092e-05,7.1092e-05
148,1625.9,0.53773,0.34076,0.89228,0.90897,0.75162,0.84695,0.67216,0.78471,0.5624,0.94679,7.0894e-05,7.0894e-05,7.0894e-05
149,1638.12,0.58867,0.36157,0.95195,0.9022,0.75579,0.84664,0.67174,0.78882,0.5682,0.94568,7.0696e-05,7.0696e-05,7.0696e-05
150,1650.15,0.56176,0.34214,0.90149,0.90975,0.75358,0.84689,0.67271,0.78798,0.56377,0.94762,7.0498e-05,7.0498e-05,7.0498e-05
151,1662.23,0.53548,0.34782,0.8989,0.90702,0.75919,0.84747,0.67333,0.78955,0.56285,0.94588,7.03e-05,7.03e-05,7.03e-05
152,1674.28,0.52275,0.3372,0.88665,0.91056,0.75832,0.84682,0.67612,0.78646,0.56109,0.94704,7.0102e-05,7.0102e-05,7.0102e-05
153,1686.24,0.54791,0.34815,0.9046,0.91622,0.75599,0.84834,0.67648,0.78564,0.56571,0.94531,6.9904e-05,6.9904e-05,6.9904e-05
154,1698.09,0.54427,0.36999,0.89799,0.91519,0.75143,0.84666,0.67431,0.78735,0.57088,0.94425,6.9706e-05,6.9706e-05,6.9706e-05
155,1710.02,0.55037,0.35142,0.89667,0.9156,0.7491,0.845,0.67303,0.78271,0.57371,0.94414,6.9508e-05,6.9508e-05,6.9508e-05
156,1721.87,0.59164,0.36632,0.94984,0.92009,0.74962,0.84528,0.67313,0.78497,0.57294,0.94352,6.931e-05,6.931e-05,6.931e-05
157,1733.78,0.54868,0.34511,0.89599,0.91865,0.75167,0.84593,0.6728,0.78113,0.56707,0.94296,6.9112e-05,6.9112e-05,6.9112e-05
158,1745.95,0.5493,0.35425,0.89908,0.9186,0.75117,0.84689,0.67409,0.78066,0.57024,0.94275,6.8914e-05,6.8914e-05,6.8914e-05
159,1757.86,0.56396,0.36627,0.90411,0.91695,0.7532,0.84669,0.67325,0.78214,0.56859,0.94328,6.8716e-05,6.8716e-05,6.8716e-05
160,1769.96,0.55514,0.35008,0.90673,0.90502,0.75678,0.84736,0.67584,0.77624,0.56131,0.94163,6.8518e-05,6.8518e-05,6.8518e-05
161,1781.83,0.53186,0.34267,0.89474,0.91518,0.75115,0.84835,0.67468,0.77954,0.56174,0.94179,6.832e-05,6.832e-05,6.832e-05
162,1795.15,0.55331,0.35256,0.89834,0.89805,0.76037,0.84792,0.6755,0.77973,0.5621,0.941,6.8122e-05,6.8122e-05,6.8122e-05
163,1808.69,0.52717,0.35354,0.89678,0.9033,0.76048,0.84876,0.67753,0.77975,0.56414,0.9439,6.7924e-05,6.7924e-05,6.7924e-05
164,1822.07,0.52906,0.33789,0.89648,0.91207,0.74885,0.84911,0.67558,0.78554,0.56633,0.94564,6.7726e-05,6.7726e-05,6.7726e-05
165,1835.48,0.53356,0.34791,0.89798,0.91917,0.75113,0.8488,0.67676,0.78201,0.56556,0.94413,6.7528e-05,6.7528e-05,6.7528e-05
166,1849.26,0.56432,0.37123,0.91287,0.91894,0.75371,0.84819,0.67479,0.78159,0.56409,0.94498,6.733e-05,6.733e-05,6.733e-05
167,1863.22,0.54314,0.34152,0.89613,0.9161,0.75115,0.84841,0.67336,0.78345,0.56155,0.94623,6.7132e-05,6.7132e-05,6.7132e-05
168,1877.47,0.55808,0.3578,0.91019,0.91102,0.75371,0.84798,0.67412,0.78492,0.55495,0.95096,6.6934e-05,6.6934e-05,6.6934e-05
169,1890.14,0.54936,0.34066,0.90087,0.91534,0.75166,0.84868,0.67631,0.7846,0.55257,0.94905,6.6736e-05,6.6736e-05,6.6736e-05
170,1902.24,0.55703,0.35876,0.90499,0.91759,0.75256,0.84921,0.67586,0.78695,0.55435,0.9492,6.6538e-05,6.6538e-05,6.6538e-05
171,1914.22,0.57459,0.35946,0.91313,0.91534,0.75064,0.84658,0.67344,0.78464,0.55961,0.94745,6.634e-05,6.634e-05,6.634e-05
172,1926.17,0.53997,0.34762,0.89771,0.89798,0.76037,0.84639,0.67328,0.78702,0.55877,0.94787,6.6142e-05,6.6142e-05,6.6142e-05
173,1938.07,0.55776,0.354,0.90427,0.89453,0.76344,0.84613,0.67307,0.78873,0.55872,0.94688,6.5944e-05,6.5944e-05,6.5944e-05
174,1948.98,0.52748,0.33321,0.89925,0.89828,0.76418,0.84805,0.67561,0.78588,0.55915,0.94604,6.5746e-05,6.5746e-05,6.5746e-05
175,1959.88,0.56001,0.35013,0.90782,0.90151,0.75929,0.84839,0.67579,0.78805,0.56739,0.94663,6.5548e-05,6.5548e-05,6.5548e-05
176,1971,0.53885,0.35307,0.89631,0.90109,0.7573,0.84807,0.67467,0.78893,0.56555,0.94878,6.535e-05,6.535e-05,6.535e-05
177,1982.08,0.5323,0.35042,0.90112,0.90723,0.75615,0.84677,0.67185,0.79062,0.56362,0.94774,6.5152e-05,6.5152e-05,6.5152e-05
178,1992.86,0.55884,0.3585,0.90117,0.90217,0.76023,0.84683,0.67118,0.78733,0.55354,0.94741,6.4954e-05,6.4954e-05,6.4954e-05
179,2003.69,0.52067,0.34441,0.88861,0.90549,0.75422,0.84586,0.67039,0.7858,0.55358,0.94776,6.4756e-05,6.4756e-05,6.4756e-05
180,2014.54,0.54727,0.35523,0.90378,0.90037,0.7589,0.84545,0.66884,0.78848,0.56021,0.94743,6.4558e-05,6.4558e-05,6.4558e-05
181,2025.59,0.53055,0.34058,0.89772,0.91007,0.74962,0.84319,0.66904,0.78973,0.56484,0.94964,6.436e-05,6.436e-05,6.436e-05
182,2036.6,0.58129,0.36528,0.94104,0.90977,0.75115,0.84447,0.66921,0.78764,0.56324,0.94805,6.4162e-05,6.4162e-05,6.4162e-05
183,2047.44,0.53664,0.34446,0.89328,0.90707,0.75474,0.84543,0.67244,0.78868,0.56582,0.94683,6.3964e-05,6.3964e-05,6.3964e-05
184,2058.19,0.52521,0.33972,0.88849,0.90124,0.75694,0.84509,0.67326,0.78867,0.56559,0.94609,6.3766e-05,6.3766e-05,6.3766e-05
185,2069.08,0.52946,0.33752,0.90127,0.90974,0.75269,0.84783,0.67312,0.79037,0.56608,0.94557,6.3568e-05,6.3568e-05,6.3568e-05
186,2079.91,0.54285,0.36436,0.89839,0.90217,0.75832,0.84744,0.67375,0.78571,0.56573,0.94572,6.337e-05,6.337e-05,6.337e-05
187,2090.72,0.56266,0.37482,0.90826,0.89842,0.76139,0.84879,0.67369,0.78641,0.56595,0.94593,6.3172e-05,6.3172e-05,6.3172e-05
188,2101.61,0.58121,0.35849,0.91747,0.90386,0.75832,0.84801,0.67376,0.78624,0.5627,0.94694,6.2974e-05,6.2974e-05,6.2974e-05
189,2112.58,0.54692,0.35497,0.90072,0.89293,0.76805,0.84879,0.67508,0.78432,0.56358,0.9455,6.2776e-05,6.2776e-05,6.2776e-05
190,2123.41,0.52747,0.34023,0.88846,0.89577,0.76566,0.85086,0.67565,0.78495,0.56477,0.94596,6.2578e-05,6.2578e-05,6.2578e-05
191,2134.18,0.5468,0.33346,0.90405,0.89644,0.76681,0.8512,0.67611,0.78509,0.56144,0.94418,6.238e-05,6.238e-05,6.238e-05
192,2144.97,0.51867,0.33737,0.88615,0.89988,0.76392,0.85066,0.67445,0.78611,0.55962,0.94514,6.2182e-05,6.2182e-05,6.2182e-05
193,2155.81,0.55861,0.37166,0.90906,0.89546,0.76805,0.85153,0.67498,0.78797,0.56259,0.9443,6.1984e-05,6.1984e-05,6.1984e-05
194,2166.63,0.54661,0.3573,0.90401,0.91417,0.75576,0.85011,0.67519,0.78582,0.56101,0.94384,6.1786e-05,6.1786e-05,6.1786e-05
195,2177.53,0.52525,0.35186,0.89657,0.90064,0.75934,0.84784,0.67533,0.78431,0.56321,0.94426,6.1588e-05,6.1588e-05,6.1588e-05
196,2188.41,0.55289,0.35759,0.91349,0.90603,0.75535,0.84621,0.67354,0.78624,0.56837,0.94595,6.139e-05,6.139e-05,6.139e-05
197,2199.32,0.5432,0.35115,0.90174,0.90598,0.75576,0.84653,0.67304,0.78367,0.56682,0.94648,6.1192e-05,6.1192e-05,6.1192e-05
198,2210.18,0.5837,0.39958,0.96687,0.90508,0.7616,0.84765,0.67267,0.78753,0.56732,0.94605,6.0994e-05,6.0994e-05,6.0994e-05
199,2221.1,0.57274,0.36155,0.93136,0.90284,0.76242,0.84872,0.67403,0.78428,0.56175,0.94565,6.0796e-05,6.0796e-05,6.0796e-05
200,2231.85,0.56097,0.35632,0.90659,0.9123,0.75678,0.84921,0.67561,0.784,0.55826,0.94606,6.0598e-05,6.0598e-05,6.0598e-05
201,2242.65,0.531,0.34155,0.88733,0.91219,0.75525,0.8489,0.67394,0.78148,0.55709,0.94461,6.04e-05,6.04e-05,6.04e-05
202,2253.48,0.5321,0.34879,0.88733,0.91487,0.75422,0.8486,0.67556,0.78074,0.5568,0.94436,6.0202e-05,6.0202e-05,6.0202e-05
203,2264.55,0.50906,0.33781,0.89139,0.90528,0.75832,0.84904,0.67641,0.78218,0.56084,0.94425,6.0004e-05,6.0004e-05,6.0004e-05
204,2275.38,0.5311,0.3378,0.91955,0.89796,0.76152,0.84663,0.67452,0.78334,0.56705,0.94606,5.9806e-05,5.9806e-05,5.9806e-05
205,2286.22,0.5448,0.35775,0.89283,0.89546,0.7619,0.84704,0.67502,0.78562,0.57009,0.94828,5.9608e-05,5.9608e-05,5.9608e-05
206,2296.98,0.54606,0.35066,0.90019,0.91623,0.7491,0.84619,0.67438,0.78434,0.56876,0.94998,5.941e-05,5.941e-05,5.941e-05
207,2307.74,0.52556,0.34685,0.88894,0.90385,0.75832,0.84728,0.67466,0.78531,0.56804,0.94919,5.9212e-05,5.9212e-05,5.9212e-05
208,2318.52,0.52665,0.343,0.89192,0.9052,0.75781,0.84772,0.67463,0.78531,0.56425,0.94757,5.9014e-05,5.9014e-05,5.9014e-05
209,2329.26,0.53863,0.34545,0.90205,0.9018,0.75934,0.84728,0.673,0.7853,0.56591,0.94588,5.8816e-05,5.8816e-05,5.8816e-05
210,2340.04,0.54324,0.35231,0.90149,0.90251,0.75781,0.84632,0.67268,0.7876,0.5701,0.94764,5.8618e-05,5.8618e-05,5.8618e-05
211,2350.83,0.5252,0.33773,0.89322,0.89886,0.75994,0.84501,0.6721,0.79076,0.57478,0.94827,5.842e-05,5.842e-05,5.842e-05
212,2361.74,0.56069,0.35187,0.91009,0.90424,0.7532,0.8455,0.67255,0.7899,0.57177,0.94998,5.8222e-05,5.8222e-05,5.8222e-05
213,2372.48,0.55912,0.37321,0.90787,0.90806,0.75355,0.84617,0.67064,0.79531,0.57253,0.95013,5.8024e-05,5.8024e-05,5.8024e-05
214,2383.29,0.55438,0.35555,0.91318,0.89807,0.76395,0.84658,0.67113,0.79083,0.56982,0.94831,5.7826e-05,5.7826e-05,5.7826e-05
215,2394.13,0.56069,0.34774,0.91112,0.89495,0.76339,0.84575,0.67258,0.78673,0.56858,0.94655,5.7628e-05,5.7628e-05,5.7628e-05
216,2404.93,0.54313,0.34453,0.90498,0.91722,0.74654,0.8464,0.67249,0.78859,0.5765,0.94807,5.743e-05,5.743e-05,5.743e-05
217,2415.85,0.55521,0.34703,0.89634,0.9179,0.75064,0.84734,0.67373,0.78711,0.57051,0.94695,5.7232e-05,5.7232e-05,5.7232e-05
218,2426.63,0.55686,0.35416,0.90979,0.89278,0.76741,0.84663,0.67391,0.78485,0.56312,0.94576,5.7034e-05,5.7034e-05,5.7034e-05
219,2437.41,0.52171,0.33456,0.88806,0.89021,0.76907,0.84625,0.67404,0.7857,0.56347,0.94697,5.6836e-05,5.6836e-05,5.6836e-05
220,2448.27,0.5749,0.35193,0.92503,0.90945,0.75085,0.84686,0.6748,0.7874,0.56576,0.9475,5.6638e-05,5.6638e-05,5.6638e-05
221,2459.14,0.52292,0.36532,0.87458,0.92034,0.74603,0.84665,0.67416,0.78882,0.5699,0.94729,5.644e-05,5.644e-05,5.644e-05
222,2470.04,0.53818,0.346,0.89788,0.90109,0.76242,0.84869,0.67443,0.78905,0.56879,0.94736,5.6242e-05,5.6242e-05,5.6242e-05
223,2481,0.5549,0.35089,0.90411,0.90994,0.75528,0.84855,0.67416,0.788,0.5638,0.94841,5.6044e-05,5.6044e-05,5.6044e-05
224,2491.85,0.551,0.34303,0.91964,0.90937,0.75678,0.84986,0.67572,0.78843,0.56144,0.94762,5.5846e-05,5.5846e-05,5.5846e-05
225,2503.17,0.54351,0.34854,0.89936,0.8887,0.77471,0.84968,0.67668,0.78856,0.55868,0.94623,5.5648e-05,5.5648e-05,5.5648e-05
226,2515.35,0.53236,0.34019,0.89469,0.90772,0.76088,0.84915,0.67797,0.78386,0.55944,0.94454,5.545e-05,5.545e-05,5.545e-05
227,2527.69,0.55273,0.3459,0.90978,0.91222,0.75562,0.84784,0.67651,0.78393,0.56073,0.94467,5.5252e-05,5.5252e-05,5.5252e-05
228,2539.94,0.55355,0.35567,0.89484,0.90806,0.75351,0.84434,0.67385,0.78305,0.56235,0.94392,5.5054e-05,5.5054e-05,5.5054e-05
229,2551.98,0.51557,0.32934,0.88858,0.89623,0.76066,0.8452,0.6738,0.78539,0.56196,0.94716,5.4856e-05,5.4856e-05,5.4856e-05
230,2564,0.53299,0.34732,0.89592,0.9023,0.76139,0.84749,0.67379,0.78664,0.55786,0.94879,5.4658e-05,5.4658e-05,5.4658e-05
231,2576.09,0.55615,0.35338,0.89335,0.9075,0.7573,0.84889,0.6766,0.78346,0.56082,0.94831,5.446e-05,5.446e-05,5.446e-05
232,2588.13,0.53521,0.34564,0.90001,0.89523,0.76565,0.84831,0.67701,0.7852,0.56819,0.9465,5.4262e-05,5.4262e-05,5.4262e-05
233,2600.33,0.51747,0.33856,0.89274,0.89754,0.76249,0.84614,0.67508,0.78632,0.57333,0.94777,5.4064e-05,5.4064e-05,5.4064e-05
234,2612.37,0.52886,0.34693,0.90781,0.90411,0.75883,0.84512,0.67339,0.78705,0.57186,0.94766,5.3866e-05,5.3866e-05,5.3866e-05
235,2624.5,0.53801,0.3441,0.90182,0.89123,0.76805,0.84649,0.67329,0.78876,0.56483,0.95005,5.3668e-05,5.3668e-05,5.3668e-05
236,2636.56,0.53529,0.34348,0.90598,0.89679,0.76972,0.84875,0.67442,0.78762,0.56013,0.94897,5.347e-05,5.347e-05,5.347e-05
237,2648.59,0.53013,0.34091,0.89265,0.90036,0.76139,0.84649,0.67457,0.78813,0.56524,0.94802,5.3272e-05,5.3272e-05,5.3272e-05
238,2660.78,0.54355,0.35556,0.89712,0.90292,0.75781,0.84642,0.67348,0.78687,0.56831,0.94814,5.3074e-05,5.3074e-05,5.3074e-05
239,2672.7,0.53867,0.34053,0.88692,0.91119,0.7565,0.84973,0.67397,0.78494,0.56442,0.94725,5.2876e-05,5.2876e-05,5.2876e-05
240,2684.89,0.53902,0.34508,0.90086,0.89589,0.76663,0.84943,0.67649,0.78299,0.56341,0.94454,5.2678e-05,5.2678e-05,5.2678e-05
241,2696.95,0.53466,0.34603,0.902,0.90387,0.76067,0.84795,0.67445,0.78452,0.56459,0.94608,5.248e-05,5.248e-05,5.248e-05
242,2708.98,0.53978,0.34197,0.90614,0.91166,0.76139,0.84846,0.67673,0.78214,0.56402,0.94465,5.2282e-05,5.2282e-05,5.2282e-05
243,2721.05,0.53397,0.3446,0.91174,0.89658,0.77061,0.84756,0.67457,0.78317,0.56404,0.94636,5.2084e-05,5.2084e-05,5.2084e-05
244,2732.94,0.57444,0.36223,0.9195,0.9005,0.76464,0.84921,0.67709,0.78031,0.55969,0.94513,5.1886e-05,5.1886e-05,5.1886e-05
245,2744.94,0.54532,0.34752,0.93228,0.90113,0.76498,0.84917,0.67574,0.78189,0.56259,0.94503,5.1688e-05,5.1688e-05,5.1688e-05
246,2757.07,0.56911,0.37513,0.91222,0.90647,0.76427,0.84772,0.67461,0.78118,0.56629,0.94407,5.149e-05,5.149e-05,5.149e-05
247,2769.03,0.55977,0.35754,0.91605,0.90786,0.76037,0.84825,0.67438,0.78302,0.56952,0.94447,5.1292e-05,5.1292e-05,5.1292e-05
248,2781.06,0.50244,0.33122,0.8849,0.90438,0.76519,0.84907,0.67267,0.78538,0.56781,0.94494,5.1094e-05,5.1094e-05,5.1094e-05
249,2793.04,0.54808,0.35324,0.91151,0.90064,0.76446,0.84916,0.67535,0.78597,0.5678,0.94539,5.0896e-05,5.0896e-05,5.0896e-05
250,2805.23,0.52889,0.34326,0.89052,0.89907,0.76037,0.8491,0.67602,0.78596,0.57159,0.94543,5.0698e-05,5.0698e-05,5.0698e-05
251,2817.23,0.56304,0.3576,0.91399,0.92433,0.74398,0.8481,0.67632,0.78407,0.57565,0.94564,5.05e-05,5.05e-05,5.05e-05
252,2829.14,0.53887,0.3562,0.89988,0.90615,0.75627,0.84977,0.67587,0.78552,0.57675,0.94739,5.0302e-05,5.0302e-05,5.0302e-05
253,2841.15,0.53403,0.34798,0.90278,0.89638,0.7619,0.84921,0.67635,0.78462,0.57588,0.94676,5.0104e-05,5.0104e-05,5.0104e-05
254,2853.21,0.53431,0.34189,0.90026,0.89724,0.76451,0.84971,0.67755,0.7848,0.57169,0.94419,4.9906e-05,4.9906e-05,4.9906e-05
255,2865.31,0.49732,0.34765,0.88673,0.90507,0.75883,0.84985,0.67788,0.78494,0.56981,0.94564,4.9708e-05,4.9708e-05,4.9708e-05
256,2877.34,0.5448,0.34674,0.91849,0.91218,0.75525,0.84996,0.67735,0.78504,0.5697,0.94482,4.951e-05,4.951e-05,4.951e-05
257,2889.29,0.54757,0.34459,0.91057,0.92087,0.75064,0.84878,0.67587,0.78597,0.57201,0.9458,4.9312e-05,4.9312e-05,4.9312e-05
258,2901.19,0.53601,0.34071,0.89923,0.90748,0.75835,0.84743,0.67306,0.78696,0.57398,0.94563,4.9114e-05,4.9114e-05,4.9114e-05
259,2913.19,0.52022,0.33178,0.89481,0.90833,0.76139,0.84686,0.67375,0.78555,0.57019,0.94633,4.8916e-05,4.8916e-05,4.8916e-05
260,2925.41,0.52475,0.34314,0.89983,0.91924,0.75188,0.84763,0.67416,0.78848,0.57459,0.9464,4.8718e-05,4.8718e-05,4.8718e-05
261,2937.44,0.51971,0.33223,0.88635,0.91752,0.75115,0.8479,0.6744,0.79038,0.57455,0.94647,4.852e-05,4.852e-05,4.852e-05
262,2949.08,0.52443,0.34466,0.88729,0.9197,0.75166,0.84934,0.67636,0.7886,0.57482,0.94865,4.8322e-05,4.8322e-05,4.8322e-05
263,2959.96,0.52631,0.33161,0.88638,0.91649,0.75269,0.84957,0.67643,0.78878,0.57807,0.94834,4.8124e-05,4.8124e-05,4.8124e-05
264,2970.96,0.5674,0.35569,0.92117,0.91438,0.7573,0.84864,0.67596,0.78849,0.57849,0.94655,4.7926e-05,4.7926e-05,4.7926e-05
265,2981.92,0.52486,0.33583,0.90382,0.9125,0.75825,0.84886,0.67577,0.7861,0.57593,0.94615,4.7728e-05,4.7728e-05,4.7728e-05
266,2992.78,0.573,0.3485,0.90727,0.90837,0.76144,0.84663,0.67409,0.78648,0.57328,0.94588,4.753e-05,4.753e-05,4.753e-05
267,3003.7,0.53107,0.34329,0.8943,0.90826,0.7604,0.84869,0.67473,0.78508,0.57299,0.94647,4.7332e-05,4.7332e-05,4.7332e-05
268,3014.56,0.52168,0.3349,0.88021,0.90881,0.75883,0.84906,0.67568,0.78531,0.5702,0.94792,4.7134e-05,4.7134e-05,4.7134e-05
269,3025.44,0.54634,0.34896,0.89313,0.89706,0.76446,0.84875,0.67573,0.78682,0.56773,0.9499,4.6936e-05,4.6936e-05,4.6936e-05
270,3036.4,0.53555,0.37011,0.90909,0.92194,0.74808,0.84976,0.67547,0.79154,0.57306,0.9533,4.6738e-05,4.6738e-05,4.6738e-05
271,3047.28,0.53521,0.35275,0.90599,0.91534,0.7529,0.84945,0.67616,0.79316,0.5749,0.95506,4.654e-05,4.654e-05,4.654e-05
272,3058.1,0.52163,0.34252,0.89173,0.89567,0.766,0.84807,0.67525,0.7922,0.57801,0.95362,4.6342e-05,4.6342e-05,4.6342e-05
273,3069.16,0.56656,0.35726,0.91771,0.89536,0.76446,0.84804,0.67482,0.79061,0.58021,0.95193,4.6144e-05,4.6144e-05,4.6144e-05
274,3080.04,0.56959,0.36146,0.92896,0.90072,0.76139,0.84799,0.67527,0.78548,0.57687,0.94941,4.5946e-05,4.5946e-05,4.5946e-05
275,3090.8,0.57057,0.34689,0.95003,0.90108,0.75934,0.84797,0.67602,0.784,0.57475,0.94829,4.5748e-05,4.5748e-05,4.5748e-05
276,3101.66,0.49371,0.3331,0.88264,0.90998,0.75571,0.84747,0.67641,0.78541,0.57175,0.94782,4.555e-05,4.555e-05,4.555e-05
277,3112.46,0.51452,0.34002,0.9022,0.91464,0.75474,0.84831,0.67693,0.78556,0.57086,0.94802,4.5352e-05,4.5352e-05,4.5352e-05
278,3123.3,0.50938,0.33351,0.89294,0.90854,0.75576,0.84949,0.67824,0.78314,0.5722,0.94632,4.5154e-05,4.5154e-05,4.5154e-05
279,3134.1,0.51024,0.33597,0.88673,0.91379,0.75371,0.84869,0.67918,0.78075,0.57027,0.94534,4.4956e-05,4.4956e-05,4.4956e-05
280,3144.86,0.5074,0.32633,0.88504,0.91669,0.75627,0.84938,0.67914,0.78095,0.56513,0.94626,4.4758e-05,4.4758e-05,4.4758e-05
281,3155.6,0.51657,0.33958,0.89885,0.91447,0.75832,0.84951,0.67962,0.78018,0.5654,0.94573,4.456e-05,4.456e-05,4.456e-05
282,3166.45,0.5266,0.33323,0.90185,0.90835,0.75781,0.84682,0.67874,0.78163,0.57193,0.94524,4.4362e-05,4.4362e-05,4.4362e-05
283,3177.17,0.53458,0.35726,0.90139,0.90149,0.7638,0.84745,0.67828,0.78242,0.57453,0.94537,4.4164e-05,4.4164e-05,4.4164e-05
284,3187.91,0.52422,0.33544,0.89529,0.9144,0.75484,0.84662,0.67741,0.78403,0.5756,0.94643,4.3966e-05,4.3966e-05,4.3966e-05
285,3198.67,0.5416,0.34476,0.89409,0.91412,0.75754,0.84731,0.67837,0.78216,0.57092,0.94608,4.3768e-05,4.3768e-05,4.3768e-05
286,3209.55,0.55233,0.34907,0.92624,0.90432,0.76651,0.84809,0.67825,0.78133,0.56451,0.94652,4.357e-05,4.357e-05,4.357e-05
287,3220.41,0.5484,0.34762,0.93006,0.90591,0.76703,0.84915,0.67737,0.78298,0.56328,0.94725,4.3372e-05,4.3372e-05,4.3372e-05
288,3231.23,0.51634,0.34385,0.88849,0.90727,0.76395,0.84894,0.6785,0.78339,0.56599,0.94783,4.3174e-05,4.3174e-05,4.3174e-05
289,3242.83,0.53985,0.34785,0.91248,0.90879,0.76526,0.84863,0.67787,0.78517,0.56621,0.94958,4.2976e-05,4.2976e-05,4.2976e-05
290,3254.95,0.52643,0.34989,0.90508,0.90864,0.76395,0.84772,0.67575,0.78716,0.56473,0.94856,4.2778e-05,4.2778e-05,4.2778e-05
291,3266.93,0.56807,0.33698,0.89991,0.90655,0.76139,0.84761,0.67479,0.78807,0.56214,0.94776,4.258e-05,4.258e-05,4.258e-05
292,3278.87,0.53659,0.35287,0.8987,0.90441,0.75934,0.84727,0.6743,0.78631,0.56817,0.94583,4.2382e-05,4.2382e-05,4.2382e-05
293,3290.96,0.51893,0.34255,0.89401,0.89794,0.76088,0.84544,0.67392,0.78515,0.57276,0.94662,4.2184e-05,4.2184e-05,4.2184e-05
294,3302.96,0.52706,0.33728,0.88372,0.91644,0.74501,0.84579,0.67464,0.78274,0.57289,0.94468,4.1986e-05,4.1986e-05,4.1986e-05
295,3314.89,0.522,0.33016,0.89563,0.90347,0.76198,0.84645,0.67424,0.78306,0.56958,0.94448,4.1788e-05,4.1788e-05,4.1788e-05
296,3326.92,0.52797,0.3375,0.89992,0.90797,0.7578,0.84609,0.67608,0.78277,0.56879,0.94371,4.159e-05,4.159e-05,4.159e-05
297,3338.97,0.52173,0.34108,0.89827,0.91491,0.7532,0.84583,0.67664,0.77851,0.56944,0.94224,4.1392e-05,4.1392e-05,4.1392e-05
298,3350.99,0.59792,0.3736,0.90273,0.91922,0.75115,0.8455,0.67525,0.78137,0.56952,0.94337,4.1194e-05,4.1194e-05,4.1194e-05
299,3363.55,0.51497,0.33522,0.89096,0.91587,0.75218,0.84498,0.67404,0.78437,0.56974,0.94498,4.0996e-05,4.0996e-05,4.0996e-05
300,3375.78,0.49965,0.32846,0.88247,0.91192,0.7532,0.84523,0.67436,0.78428,0.57176,0.94417,4.0798e-05,4.0798e-05,4.0798e-05
301,3387.74,0.52728,0.33884,0.90054,0.91272,0.75497,0.84508,0.67433,0.78479,0.57317,0.944,4.06e-05,4.06e-05,4.06e-05
302,3399.73,0.52279,0.33693,0.91558,0.91392,0.7491,0.84469,0.67426,0.78541,0.57159,0.94464,4.0402e-05,4.0402e-05,4.0402e-05
303,3412.07,0.52369,0.33296,0.90423,0.91185,0.75064,0.84654,0.67617,0.78306,0.5674,0.94514,4.0204e-05,4.0204e-05,4.0204e-05
304,3424.41,0.51883,0.33572,0.89674,0.91263,0.7532,0.84762,0.67661,0.78166,0.56624,0.94505,4.0006e-05,4.0006e-05,4.0006e-05
305,3436.35,0.53061,0.33625,0.89393,0.91766,0.75269,0.84793,0.67757,0.78281,0.56833,0.94608,3.9808e-05,3.9808e-05,3.9808e-05
306,3448.33,0.52378,0.33857,0.90003,0.9104,0.76037,0.84831,0.67813,0.78117,0.5686,0.94472,3.961e-05,3.961e-05,3.961e-05
307,3460.56,0.54123,0.34365,0.89859,0.9173,0.75269,0.84942,0.67913,0.78315,0.56959,0.94511,3.9412e-05,3.9412e-05,3.9412e-05
308,3471.91,0.52856,0.34492,0.89458,0.92179,0.74859,0.8488,0.67652,0.78623,0.56859,0.946,3.9214e-05,3.9214e-05,3.9214e-05
309,3482.72,0.51934,0.33896,0.89516,0.92059,0.74797,0.84726,0.67579,0.78204,0.56712,0.946,3.9016e-05,3.9016e-05,3.9016e-05
310,3493.55,0.51291,0.33413,0.88946,0.91605,0.75115,0.84813,0.67705,0.78139,0.57072,0.94565,3.8818e-05,3.8818e-05,3.8818e-05
311,3504.37,0.5082,0.32681,0.89016,0.91236,0.75627,0.84811,0.67775,0.78061,0.56768,0.94481,3.862e-05,3.862e-05,3.862e-05
312,3515.26,0.57412,0.34411,0.97223,0.90666,0.76096,0.84726,0.6762,0.78311,0.5662,0.94568,3.8422e-05,3.8422e-05,3.8422e-05
313,3526.29,0.51543,0.34102,0.89006,0.90678,0.76204,0.8471,0.67461,0.78487,0.56803,0.94727,3.8224e-05,3.8224e-05,3.8224e-05
314,3537.5,0.51624,0.33708,0.88435,0.91271,0.75627,0.84645,0.67513,0.78394,0.56783,0.94597,3.8026e-05,3.8026e-05,3.8026e-05
315,3549.58,0.53623,0.34717,0.89931,0.90976,0.75474,0.84672,0.67574,0.78454,0.56583,0.94604,3.7828e-05,3.7828e-05,3.7828e-05
316,3561.58,0.51606,0.34087,0.89017,0.91345,0.75119,0.84691,0.67557,0.78535,0.56867,0.9463,3.763e-05,3.763e-05,3.763e-05
317,3574.02,0.51748,0.33393,0.89739,0.90749,0.75115,0.8468,0.67482,0.78504,0.57086,0.94623,3.7432e-05,3.7432e-05,3.7432e-05
318,3586.01,0.58386,0.41595,0.97377,0.90153,0.75479,0.8463,0.67608,0.78393,0.57058,0.94559,3.7234e-05,3.7234e-05,3.7234e-05
319,3598.07,0.51624,0.33411,0.88334,0.90346,0.75712,0.84735,0.67659,0.78514,0.56868,0.94587,3.7036e-05,3.7036e-05,3.7036e-05
320,3610.12,0.50717,0.33807,0.89314,0.90496,0.75832,0.84822,0.6768,0.78658,0.56689,0.94709,3.6838e-05,3.6838e-05,3.6838e-05
321,3622.23,0.49296,0.32606,0.8771,0.89656,0.76498,0.84774,0.67851,0.78358,0.56367,0.94634,3.664e-05,3.664e-05,3.664e-05
322,3634.33,0.52261,0.33619,0.89355,0.90368,0.76088,0.84751,0.67861,0.78256,0.56308,0.94487,3.6442e-05,3.6442e-05,3.6442e-05
323,3646.3,0.52735,0.34036,0.89325,0.91554,0.74928,0.84687,0.67829,0.78343,0.56449,0.94594,3.6244e-05,3.6244e-05,3.6244e-05
324,3658.33,0.52855,0.36146,0.90393,0.91609,0.74912,0.84727,0.67931,0.78115,0.56341,0.94516,3.6046e-05,3.6046e-05,3.6046e-05
325,3670.39,0.51013,0.33345,0.88483,0.9085,0.75748,0.84621,0.67658,0.78465,0.56616,0.94698,3.5848e-05,3.5848e-05,3.5848e-05
326,3682.63,0.4981,0.32822,0.88506,0.90544,0.75991,0.84587,0.67538,0.78774,0.56872,0.94726,3.565e-05,3.565e-05,3.565e-05
327,3694.55,0.51298,0.34018,0.89093,0.90828,0.75781,0.84706,0.6763,0.78694,0.56711,0.94671,3.5452e-05,3.5452e-05,3.5452e-05
328,3706.52,0.54387,0.33829,0.91176,0.90634,0.75934,0.84814,0.67698,0.78761,0.56765,0.94695,3.5254e-05,3.5254e-05,3.5254e-05
329,3718.78,0.54751,0.35613,0.90099,0.90324,0.75781,0.84749,0.67792,0.78628,0.56565,0.94675,3.5056e-05,3.5056e-05,3.5056e-05
330,3730.77,0.51747,0.33832,0.88629,0.90315,0.75986,0.84842,0.67752,0.78646,0.56577,0.9449,3.4858e-05,3.4858e-05,3.4858e-05
331,3742.95,0.53275,0.33792,0.90069,0.89657,0.76341,0.84879,0.67664,0.78956,0.56837,0.94599,3.466e-05,3.466e-05,3.466e-05
332,3755.04,0.50928,0.34199,0.88586,0.90555,0.75603,0.84757,0.67531,0.78906,0.56937,0.94628,3.4462e-05,3.4462e-05,3.4462e-05
333,3766.97,0.53327,0.34249,0.89128,0.90551,0.75562,0.84718,0.67708,0.78826,0.57173,0.94743,3.4264e-05,3.4264e-05,3.4264e-05
334,3778.97,0.53619,0.34079,0.89769,0.88958,0.766,0.84715,0.67538,0.79013,0.57286,0.94702,3.4066e-05,3.4066e-05,3.4066e-05
335,3790.97,0.54378,0.34605,0.923,0.89015,0.76344,0.84747,0.67411,0.79328,0.57574,0.9481,3.3868e-05,3.3868e-05,3.3868e-05
336,3803.12,0.52657,0.34181,0.902,0.88619,0.76549,0.84706,0.67282,0.79399,0.57743,0.94811,3.367e-05,3.367e-05,3.367e-05
337,3815.26,0.52681,0.33675,0.89992,0.88672,0.76703,0.8463,0.67365,0.7935,0.57804,0.94799,3.3472e-05,3.3472e-05,3.3472e-05
338,3827.33,0.50932,0.33113,0.8832,0.88718,0.76703,0.84632,0.67382,0.79258,0.57527,0.948,3.3274e-05,3.3274e-05,3.3274e-05
339,3839.36,0.50809,0.33916,0.89444,0.88633,0.77059,0.84765,0.67603,0.78878,0.57171,0.94651,3.3076e-05,3.3076e-05,3.3076e-05
340,3851.41,0.53197,0.3444,0.9009,0.88559,0.7689,0.84721,0.6765,0.78569,0.56964,0.94661,3.2878e-05,3.2878e-05,3.2878e-05
341,3863.46,0.51642,0.33232,0.88912,0.89989,0.75941,0.8474,0.67555,0.78652,0.56831,0.94625,3.268e-05,3.268e-05,3.268e-05
342,3875.7,0.48162,0.32012,0.88356,0.89956,0.75883,0.84675,0.67575,0.78549,0.56505,0.94478,3.2482e-05,3.2482e-05,3.2482e-05
343,3887.88,0.51404,0.32357,0.90487,0.89014,0.766,0.84689,0.675,0.78541,0.56482,0.94529,3.2284e-05,3.2284e-05,3.2284e-05
344,3899.9,0.53616,0.34925,0.8984,0.90052,0.75781,0.84847,0.67566,0.78617,0.56608,0.94511,3.2086e-05,3.2086e-05,3.2086e-05
345,3912.05,0.49675,0.33992,0.88665,0.90976,0.75218,0.85002,0.67783,0.78715,0.56804,0.94605,3.1888e-05,3.1888e-05,3.1888e-05
346,3924.57,0.52348,0.33308,0.88202,0.91593,0.74752,0.84929,0.67836,0.79015,0.57479,0.94646,3.169e-05,3.169e-05,3.169e-05
347,3936.74,0.52042,0.33678,0.89363,0.9231,0.7437,0.8496,0.67829,0.78998,0.57275,0.94544,3.1492e-05,3.1492e-05,3.1492e-05
348,3948.97,0.52473,0.34273,0.90631,0.92085,0.7446,0.8492,0.67805,0.78955,0.57136,0.94543,3.1294e-05,3.1294e-05,3.1294e-05
349,3961.23,0.52329,0.3387,0.8995,0.91433,0.74871,0.84905,0.67645,0.79157,0.57104,0.94555,3.1096e-05,3.1096e-05,3.1096e-05
350,3973.38,0.52664,0.33669,0.89216,0.90291,0.75708,0.84902,0.67553,0.79332,0.57282,0.94861,3.0898e-05,3.0898e-05,3.0898e-05
351,3985.58,0.49764,0.32336,0.88042,0.90759,0.75429,0.84864,0.67636,0.79257,0.57057,0.94899,3.07e-05,3.07e-05,3.07e-05
352,3997.67,0.52975,0.35465,0.90741,0.90462,0.75759,0.84859,0.67638,0.7918,0.56873,0.94846,3.0502e-05,3.0502e-05,3.0502e-05
353,4009.7,0.56793,0.42104,0.93013,0.90513,0.75724,0.84774,0.67436,0.79225,0.56789,0.94842,3.0304e-05,3.0304e-05,3.0304e-05
354,4021.17,0.51241,0.41403,0.88435,0.90273,0.75883,0.84833,0.67564,0.78947,0.56553,0.94782,3.0106e-05,3.0106e-05,3.0106e-05
355,4032.56,0.52436,0.33475,0.89386,0.90441,0.75578,0.84862,0.6758,0.78804,0.56439,0.94706,2.9908e-05,2.9908e-05,2.9908e-05
356,4043.66,0.5227,0.33922,0.88845,0.89887,0.76242,0.84894,0.67745,0.7862,0.56147,0.94574,2.971e-05,2.971e-05,2.971e-05
357,4054.45,0.5287,0.36849,0.89643,0.89423,0.76651,0.84866,0.67806,0.78416,0.55875,0.94454,2.9512e-05,2.9512e-05,2.9512e-05
358,4065.29,0.51565,0.32838,0.88472,0.89713,0.76446,0.84856,0.67707,0.78458,0.55661,0.94491,2.9314e-05,2.9314e-05,2.9314e-05
359,4076.08,0.52833,0.33811,0.8969,0.88952,0.76856,0.84901,0.67654,0.78534,0.55968,0.94592,2.9116e-05,2.9116e-05,2.9116e-05
360,4087,0.52102,0.33955,0.89415,0.88697,0.77112,0.84795,0.67726,0.78785,0.56509,0.95141,2.8918e-05,2.8918e-05,2.8918e-05
361,4097.75,0.50881,0.33858,0.88524,0.88852,0.77132,0.84875,0.67815,0.78905,0.56652,0.95199,2.872e-05,2.872e-05,2.872e-05
362,4108.48,0.51561,0.33457,0.89648,0.89733,0.76344,0.85033,0.67879,0.79122,0.56794,0.95206,2.8522e-05,2.8522e-05,2.8522e-05
363,4119.26,0.51345,0.33407,0.88809,0.92168,0.74706,0.84982,0.67762,0.78733,0.56638,0.94683,2.8324e-05,2.8324e-05,2.8324e-05
364,4129.99,0.52488,0.34952,0.90224,0.89002,0.76907,0.84864,0.67685,0.78509,0.56241,0.94641,2.8126e-05,2.8126e-05,2.8126e-05
365,4140.83,0.52366,0.32899,0.89218,0.89425,0.7664,0.84781,0.67612,0.78566,0.56054,0.9462,2.7928e-05,2.7928e-05,2.7928e-05
366,4151.61,0.52639,0.33305,0.90597,0.89591,0.76395,0.84803,0.67714,0.78536,0.56108,0.94657,2.773e-05,2.773e-05,2.773e-05
367,4162.39,0.53207,0.34682,0.89897,0.90282,0.75883,0.84881,0.6769,0.78633,0.56281,0.94654,2.7532e-05,2.7532e-05,2.7532e-05
368,4173.32,0.5341,0.34642,0.91149,0.89713,0.76037,0.84855,0.67615,0.7855,0.56325,0.94592,2.7334e-05,2.7334e-05,2.7334e-05
369,4184.64,0.50695,0.34107,0.88479,0.90051,0.76004,0.84793,0.67666,0.78412,0.56054,0.94645,2.7136e-05,2.7136e-05,2.7136e-05
370,4197.27,0.52727,0.34189,0.91453,0.8934,0.76293,0.84758,0.67662,0.78677,0.56102,0.94826,2.6938e-05,2.6938e-05,2.6938e-05
371,4208.43,0.50317,0.32785,0.88572,0.89343,0.76411,0.84861,0.67684,0.78735,0.56114,0.94826,2.674e-05,2.674e-05,2.674e-05
372,4219.24,0.50876,0.34309,0.88681,0.89212,0.76641,0.84769,0.67636,0.78781,0.56263,0.94879,2.6542e-05,2.6542e-05,2.6542e-05
373,4231.27,0.52567,0.34883,0.89513,0.89679,0.76293,0.84872,0.67673,0.78756,0.56031,0.9479,2.6344e-05,2.6344e-05,2.6344e-05
374,4243.61,0.55099,0.34949,0.91269,0.9042,0.75873,0.84876,0.67849,0.78662,0.56084,0.949,2.6146e-05,2.6146e-05,2.6146e-05
375,4255.72,0.53905,0.33934,0.90003,0.9032,0.76088,0.84893,0.67732,0.78674,0.55931,0.94925,2.5948e-05,2.5948e-05,2.5948e-05
376,4267.74,0.53455,0.3463,0.91282,0.90807,0.7619,0.85001,0.67777,0.78759,0.56112,0.94909,2.575e-05,2.575e-05,2.575e-05
377,4279.5,0.50316,0.32785,0.88386,0.90483,0.76088,0.84964,0.67811,0.78774,0.56191,0.94908,2.5552e-05,2.5552e-05,2.5552e-05
378,4291.62,0.51862,0.33656,0.88885,0.88414,0.77757,0.84896,0.67739,0.78824,0.56514,0.949,2.5354e-05,2.5354e-05,2.5354e-05
379,4303.68,0.51932,0.33004,0.89058,0.88273,0.77317,0.84869,0.67713,0.78788,0.56747,0.94889,2.5156e-05,2.5156e-05,2.5156e-05
380,4315.76,0.51121,0.33777,0.88764,0.88504,0.76868,0.84786,0.67582,0.791,0.57248,0.9527,2.4958e-05,2.4958e-05,2.4958e-05
381,4327.74,0.49277,0.32414,0.88149,0.8863,0.77033,0.84696,0.67419,0.78794,0.56634,0.94892,2.476e-05,2.476e-05,2.476e-05
382,4339.76,0.53699,0.33838,0.89782,0.88851,0.76907,0.84661,0.67356,0.78819,0.56298,0.94924,2.4562e-05,2.4562e-05,2.4562e-05
383,4352.09,0.55634,0.3639,0.9307,0.89482,0.7619,0.84763,0.67573,0.78702,0.56356,0.94853,2.4364e-05,2.4364e-05,2.4364e-05
384,4364.18,0.52709,0.3354,0.90163,0.893,0.76344,0.84842,0.67722,0.78646,0.5637,0.94903,2.4166e-05,2.4166e-05,2.4166e-05
385,4376.46,0.57294,0.34615,0.93506,0.88908,0.7675,0.84851,0.67679,0.78881,0.56574,0.95156,2.3968e-05,2.3968e-05,2.3968e-05
386,4389.84,0.51736,0.32911,0.88921,0.89443,0.766,0.84959,0.67727,0.78777,0.5638,0.9491,2.377e-05,2.377e-05,2.377e-05
387,4403.21,0.5159,0.33589,0.89111,0.89782,0.76703,0.84918,0.67787,0.78682,0.5652,0.94815,2.3572e-05,2.3572e-05,2.3572e-05
388,4416.71,0.49482,0.32012,0.87268,0.89632,0.76754,0.84827,0.67719,0.78596,0.56568,0.94863,2.3374e-05,2.3374e-05,2.3374e-05
389,4430.54,0.49282,0.31921,0.88294,0.89359,0.766,0.84737,0.67509,0.78562,0.56777,0.94781,2.3176e-05,2.3176e-05,2.3176e-05
390,4444.55,0.51034,0.32657,0.88643,0.89712,0.75883,0.84694,0.67474,0.78752,0.56894,0.94874,2.2978e-05,2.2978e-05,2.2978e-05
391,4458.41,0.54105,0.33891,0.90614,0.89054,0.76652,0.84798,0.67591,0.78752,0.56798,0.94789,2.278e-05,2.278e-05,2.278e-05
392,4470.43,0.4726,0.31193,0.88494,0.88834,0.76754,0.84946,0.67715,0.78717,0.56705,0.94816,2.2582e-05,2.2582e-05,2.2582e-05
393,4482.5,0.54582,0.33955,0.92456,0.89148,0.76551,0.84873,0.67708,0.7883,0.56711,0.94879,2.2384e-05,2.2384e-05,2.2384e-05
394,4494.45,0.49353,0.31832,0.88691,0.89144,0.76526,0.84936,0.67698,0.78752,0.56781,0.94827,2.2186e-05,2.2186e-05,2.2186e-05
395,4506.3,0.52508,0.33917,0.89817,0.88527,0.76959,0.84957,0.67754,0.78893,0.57009,0.94972,2.1988e-05,2.1988e-05,2.1988e-05
396,4518.2,0.53348,0.35406,0.8918,0.91612,0.74501,0.84984,0.67892,0.7863,0.56765,0.9487,2.179e-05,2.179e-05,2.179e-05
397,4530.1,0.51904,0.33555,0.89682,0.90956,0.75115,0.84985,0.67899,0.78537,0.5658,0.94905,2.1592e-05,2.1592e-05,2.1592e-05
398,4542.03,0.50874,0.33797,0.89313,0.9187,0.74552,0.84973,0.67862,0.78385,0.56592,0.94672,2.1394e-05,2.1394e-05,2.1394e-05
399,4554.18,0.49624,0.32756,0.88416,0.91594,0.74758,0.85021,0.67803,0.78484,0.5661,0.94696,2.1196e-05,2.1196e-05,2.1196e-05
400,4566.11,0.54735,0.35872,0.92267,0.92176,0.74347,0.84863,0.6784,0.78556,0.56461,0.94709,2.0998e-05,2.0998e-05,2.0998e-05
401,4578.11,0.50697,0.33019,0.88843,0.91866,0.74601,0.84972,0.67857,0.78436,0.56171,0.94637,2.08e-05,2.08e-05,2.08e-05
402,4590.24,0.5319,0.33715,0.92125,0.91977,0.7455,0.85031,0.67798,0.78397,0.56288,0.94526,2.0602e-05,2.0602e-05,2.0602e-05
403,4602.52,0.554,0.3463,0.92139,0.92594,0.74264,0.8502,0.67808,0.78411,0.56395,0.9454,2.0404e-05,2.0404e-05,2.0404e-05
404,4614.7,0.50631,0.32624,0.89146,0.92355,0.7445,0.85023,0.67777,0.78708,0.56661,0.94795,2.0206e-05,2.0206e-05,2.0206e-05
405,4626.87,0.50651,0.32755,0.87744,0.91923,0.74654,0.85099,0.67843,0.78528,0.5657,0.94731,2.0008e-05,2.0008e-05,2.0008e-05
406,4638.01,0.49651,0.32029,0.88588,0.89061,0.76703,0.85059,0.67838,0.78228,0.56255,0.94453,1.981e-05,1.981e-05,1.981e-05
407,4648.74,0.50217,0.32491,0.88162,0.91039,0.75426,0.85101,0.6781,0.78417,0.56318,0.9458,1.9612e-05,1.9612e-05,1.9612e-05
408,4659.48,0.50922,0.33216,0.87727,0.91201,0.75359,0.85062,0.67785,0.78467,0.56445,0.9464,1.9414e-05,1.9414e-05,1.9414e-05
409,4670.17,0.52078,0.32339,0.88429,0.90786,0.75525,0.85012,0.67843,0.78354,0.56691,0.94671,1.9216e-05,1.9216e-05,1.9216e-05
410,4680.96,0.52752,0.34416,0.90141,0.89568,0.76055,0.84938,0.67802,0.78352,0.57031,0.94712,1.9018e-05,1.9018e-05,1.9018e-05
411,4691.79,0.5103,0.33338,0.89467,0.89615,0.76037,0.84859,0.67711,0.78438,0.57093,0.94729,1.882e-05,1.882e-05,1.882e-05
412,4702.66,0.52041,0.33765,0.89809,0.87866,0.77492,0.84867,0.6771,0.78366,0.57039,0.94645,1.8622e-05,1.8622e-05,1.8622e-05
413,4713.54,0.52761,0.34283,0.90819,0.8931,0.76571,0.8493,0.67805,0.78264,0.56777,0.94609,1.8424e-05,1.8424e-05,1.8424e-05
414,4724.36,0.51623,0.33632,0.89207,0.89969,0.7619,0.84937,0.6777,0.78329,0.56672,0.94632,1.8226e-05,1.8226e-05,1.8226e-05
415,4735.29,0.52093,0.32725,0.89573,0.8975,0.76293,0.84939,0.6779,0.78384,0.56694,0.94691,1.8028e-05,1.8028e-05,1.8028e-05
416,4746.15,0.51219,0.32879,0.8903,0.89847,0.76088,0.84889,0.67814,0.78324,0.56656,0.94662,1.783e-05,1.783e-05,1.783e-05
417,4757.08,0.52041,0.32924,0.91122,0.90217,0.76022,0.84848,0.67879,0.78282,0.56653,0.94687,1.7632e-05,1.7632e-05,1.7632e-05
418,4767.84,0.51325,0.32701,0.88098,0.9011,0.7604,0.84846,0.67943,0.78306,0.56762,0.94677,1.7434e-05,1.7434e-05,1.7434e-05
419,4778.54,0.51911,0.33987,0.89844,0.87998,0.77317,0.84889,0.6795,0.78376,0.56979,0.94765,1.7236e-05,1.7236e-05,1.7236e-05
420,4789.39,0.50803,0.32922,0.88032,0.90802,0.75371,0.84882,0.67898,0.78479,0.57219,0.94836,1.7038e-05,1.7038e-05,1.7038e-05
421,4800.13,0.51617,0.33746,0.88862,0.90276,0.75579,0.84848,0.67846,0.78392,0.57384,0.94838,1.684e-05,1.684e-05,1.684e-05
422,4810.87,0.50369,0.32497,0.88063,0.90169,0.75627,0.84793,0.67743,0.7829,0.57219,0.94794,1.6642e-05,1.6642e-05,1.6642e-05
423,4821.72,0.51662,0.3432,0.8856,0.9015,0.75678,0.84732,0.67719,0.78363,0.57322,0.94757,1.6444e-05,1.6444e-05,1.6444e-05
424,4832.43,0.50711,0.3312,0.89225,0.90069,0.7573,0.84741,0.67671,0.78488,0.57563,0.94829,1.6246e-05,1.6246e-05,1.6246e-05
425,4843.2,0.49607,0.32797,0.89413,0.90056,0.75583,0.84766,0.67608,0.7863,0.57502,0.94733,1.6048e-05,1.6048e-05,1.6048e-05
426,4854.11,0.51533,0.3285,0.88627,0.90174,0.75649,0.84895,0.67613,0.78716,0.57649,0.94708,1.585e-05,1.585e-05,1.585e-05
427,4864.93,0.54521,0.33905,0.94363,0.90319,0.75678,0.84837,0.6762,0.78579,0.57581,0.94624,1.5652e-05,1.5652e-05,1.5652e-05
428,4875.66,0.52297,0.33509,0.91254,0.90181,0.75714,0.84821,0.67664,0.78588,0.57564,0.94667,1.5454e-05,1.5454e-05,1.5454e-05
429,4886.42,0.51172,0.33134,0.88886,0.90743,0.75525,0.84803,0.67687,0.78585,0.57477,0.94644,1.5256e-05,1.5256e-05,1.5256e-05
430,4897.15,0.5067,0.32337,0.88823,0.90337,0.75781,0.84805,0.67646,0.78572,0.57357,0.94638,1.5058e-05,1.5058e-05,1.5058e-05
431,4908.02,0.5149,0.33574,0.89173,0.90968,0.7532,0.84744,0.67678,0.78573,0.57363,0.94668,1.486e-05,1.486e-05,1.486e-05
432,4918.69,0.53544,0.32671,0.90811,0.90205,0.75883,0.8475,0.67698,0.78592,0.57401,0.94671,1.4662e-05,1.4662e-05,1.4662e-05
433,4929.54,0.50057,0.33426,0.88973,0.90147,0.75889,0.84749,0.67715,0.78676,0.57395,0.94814,1.4464e-05,1.4464e-05,1.4464e-05
434,4940.3,0.53016,0.33679,0.90189,0.90454,0.75627,0.8469,0.67679,0.78508,0.57075,0.94743,1.4266e-05,1.4266e-05,1.4266e-05
435,4951.12,0.52931,0.35285,0.88834,0.90708,0.7532,0.84831,0.67822,0.78515,0.57423,0.94757,1.4068e-05,1.4068e-05,1.4068e-05
436,4961.83,0.49242,0.32822,0.88276,0.90716,0.75546,0.84824,0.67778,0.78515,0.57454,0.94685,1.387e-05,1.387e-05,1.387e-05
437,4972.63,0.52554,0.34212,0.89283,0.90884,0.75553,0.84819,0.67744,0.78516,0.5714,0.94708,1.3672e-05,1.3672e-05,1.3672e-05
438,4983.31,0.50232,0.32647,0.88796,0.90996,0.75371,0.84805,0.67661,0.78596,0.57046,0.94782,1.3474e-05,1.3474e-05,1.3474e-05
439,4993.96,0.55649,0.34762,0.95058,0.90969,0.75422,0.84825,0.67742,0.78571,0.56964,0.94787,1.3276e-05,1.3276e-05,1.3276e-05
440,5004.72,0.49579,0.32653,0.88559,0.90477,0.7573,0.84811,0.67799,0.78477,0.57136,0.94755,1.3078e-05,1.3078e-05,1.3078e-05
441,5015.45,0.50902,0.33136,0.88738,0.90519,0.75778,0.84778,0.6779,0.78527,0.57311,0.9479,1.288e-05,1.288e-05,1.288e-05
442,5026.18,0.54059,0.35436,0.89278,0.89439,0.76318,0.84848,0.67899,0.78415,0.56996,0.94668,1.2682e-05,1.2682e-05,1.2682e-05
443,5036.99,0.51684,0.32833,0.87878,0.90883,0.75545,0.84892,0.67908,0.78393,0.56849,0.94663,1.2484e-05,1.2484e-05,1.2484e-05
444,5047.72,0.49996,0.32897,0.88219,0.90581,0.75883,0.84875,0.67805,0.78501,0.56924,0.94729,1.2286e-05,1.2286e-05,1.2286e-05
445,5058.56,0.48344,0.32164,0.87298,0.9055,0.75934,0.84828,0.67778,0.78767,0.57041,0.94853,1.2088e-05,1.2088e-05,1.2088e-05
446,5069.43,0.50188,0.32625,0.89891,0.90216,0.76014,0.84797,0.67676,0.78681,0.56887,0.94759,1.189e-05,1.189e-05,1.189e-05
447,5080.2,0.5442,0.34188,0.91502,0.90308,0.75883,0.84759,0.67698,0.78557,0.56788,0.94683,1.1692e-05,1.1692e-05,1.1692e-05
448,5090.93,0.52665,0.34283,0.89692,0.89498,0.7636,0.84796,0.67893,0.78629,0.56863,0.94796,1.1494e-05,1.1494e-05,1.1494e-05
449,5101.74,0.50174,0.31873,0.88779,0.89889,0.75781,0.84805,0.67901,0.78586,0.56913,0.94756,1.1296e-05,1.1296e-05,1.1296e-05
450,5112.53,0.54304,0.36112,0.89351,0.89253,0.76703,0.84928,0.67872,0.78503,0.56994,0.94606,1.1098e-05,1.1098e-05,1.1098e-05
451,5123.24,0.51371,0.34149,0.88041,0.90526,0.75781,0.84888,0.67828,0.78468,0.56816,0.94599,1.09e-05,1.09e-05,1.09e-05
452,5134.05,0.54677,0.35453,0.91829,0.90539,0.75883,0.8494,0.67851,0.78391,0.56858,0.94567,1.0702e-05,1.0702e-05,1.0702e-05
453,5144.8,0.49157,0.32717,0.8803,0.90342,0.7573,0.84809,0.67775,0.78365,0.56659,0.94631,1.0504e-05,1.0504e-05,1.0504e-05
454,5155.6,0.51084,0.33752,0.89348,0.90568,0.75716,0.84779,0.67738,0.78373,0.56745,0.94702,1.0306e-05,1.0306e-05,1.0306e-05
455,5166.32,0.49395,0.32468,0.88013,0.90567,0.7573,0.84778,0.67803,0.78457,0.56768,0.94679,1.0108e-05,1.0108e-05,1.0108e-05
456,5177.06,0.49864,0.32339,0.87594,0.90445,0.75606,0.84729,0.67721,0.78496,0.56805,0.94653,9.91e-06,9.91e-06,9.91e-06
457,5187.76,0.52879,0.34927,0.9053,0.90441,0.75578,0.84801,0.67746,0.78491,0.56738,0.94638,9.712e-06,9.712e-06,9.712e-06
458,5198.72,0.52871,0.3457,0.89459,0.90492,0.75627,0.84808,0.67748,0.78421,0.56819,0.94559,9.514e-06,9.514e-06,9.514e-06
459,5209.63,0.54597,0.36185,0.91484,0.90644,0.75576,0.84778,0.67732,0.78376,0.56791,0.9456,9.316e-06,9.316e-06,9.316e-06
460,5220.65,0.51947,0.33007,0.89458,0.90821,0.75576,0.84783,0.6767,0.78371,0.56728,0.94576,9.118e-06,9.118e-06,9.118e-06
461,5231.61,0.51161,0.33289,0.87948,0.90678,0.75709,0.84778,0.67774,0.7846,0.56787,0.94743,8.92e-06,8.92e-06,8.92e-06
462,5242.5,0.5605,0.35099,0.92174,0.90549,0.75576,0.84784,0.67746,0.78391,0.56943,0.94628,8.722e-06,8.722e-06,8.722e-06
463,5253.37,0.53622,0.34963,0.89672,0.90649,0.75576,0.84788,0.67739,0.78538,0.57046,0.94675,8.524e-06,8.524e-06,8.524e-06
464,5264.49,0.51008,0.32306,0.89431,0.90605,0.75548,0.84781,0.67842,0.78573,0.57105,0.94671,8.326e-06,8.326e-06,8.326e-06
465,5275.46,0.51797,0.33312,0.90145,0.90511,0.75474,0.84741,0.67742,0.78702,0.57053,0.94672,8.128e-06,8.128e-06,8.128e-06
466,5286.3,0.52487,0.32819,0.89102,0.90886,0.75422,0.84806,0.67744,0.78782,0.57064,0.94734,7.93e-06,7.93e-06,7.93e-06
467,5297.23,0.4968,0.34344,0.90363,0.90343,0.75683,0.84772,0.67748,0.7873,0.56775,0.94739,7.732e-06,7.732e-06,7.732e-06
468,5308.37,0.52114,0.34026,0.88969,0.90385,0.75832,0.84815,0.67757,0.78656,0.56827,0.94681,7.534e-06,7.534e-06,7.534e-06
469,5319.48,0.51838,0.34617,0.90543,0.90545,0.75781,0.84741,0.67727,0.78537,0.56733,0.94675,7.336e-06,7.336e-06,7.336e-06
470,5330.66,0.54267,0.35898,0.8795,0.90704,0.75678,0.84736,0.67788,0.78434,0.5668,0.94598,7.138e-06,7.138e-06,7.138e-06
471,5342.01,0.50263,0.32338,0.88374,0.90279,0.75781,0.8473,0.67742,0.7829,0.56668,0.94514,6.94e-06,6.94e-06,6.94e-06
472,5353.19,0.50506,0.31294,0.8899,0.90043,0.76037,0.84721,0.67785,0.78355,0.5677,0.94524,6.742e-06,6.742e-06,6.742e-06
473,5364.17,0.51499,0.34324,0.91024,0.89755,0.76344,0.84775,0.67827,0.78336,0.56651,0.94523,6.544e-06,6.544e-06,6.544e-06
474,5375.06,0.52541,0.32793,0.8953,0.89682,0.76104,0.84734,0.67787,0.78344,0.5658,0.94559,6.346e-06,6.346e-06,6.346e-06
475,5385.76,0.49285,0.32256,0.88624,0.9038,0.75832,0.8477,0.6776,0.78303,0.56644,0.94564,6.148e-06,6.148e-06,6.148e-06
476,5396.67,0.48945,0.31923,0.87751,0.9045,0.7573,0.84765,0.67804,0.78321,0.56681,0.94545,5.95e-06,5.95e-06,5.95e-06
477,5407.63,0.50761,0.33292,0.89322,0.90114,0.76037,0.84783,0.67864,0.78279,0.56737,0.94501,5.752e-06,5.752e-06,5.752e-06
478,5418.4,0.49516,0.32343,0.88161,0.90404,0.75736,0.84749,0.67737,0.78366,0.5684,0.94536,5.554e-06,5.554e-06,5.554e-06
479,5429.1,0.51124,0.32877,0.88867,0.90314,0.75627,0.8478,0.67728,0.78404,0.56801,0.94512,5.356e-06,5.356e-06,5.356e-06
480,5439.83,0.53308,0.33634,0.89772,0.90436,0.75527,0.84796,0.67843,0.78339,0.56905,0.94439,5.158e-06,5.158e-06,5.158e-06
481,5450.71,0.52507,0.33893,0.90672,0.90406,0.75627,0.84853,0.67907,0.78297,0.56907,0.94424,4.96e-06,4.96e-06,4.96e-06
482,5461.87,0.50813,0.33584,0.90085,0.89778,0.76037,0.84848,0.67904,0.78256,0.56891,0.94491,4.762e-06,4.762e-06,4.762e-06
483,5472.73,0.47812,0.32183,0.87666,0.89717,0.76394,0.84822,0.67845,0.78258,0.56785,0.94493,4.564e-06,4.564e-06,4.564e-06
484,5483.57,0.49616,0.31732,0.88778,0.89198,0.76498,0.84779,0.67851,0.78324,0.56629,0.94569,4.366e-06,4.366e-06,4.366e-06
485,5494.46,0.5842,0.36732,0.94927,0.89316,0.76549,0.84756,0.6783,0.78452,0.56757,0.94709,4.168e-06,4.168e-06,4.168e-06
486,5505.43,0.50269,0.3188,0.88577,0.90394,0.75649,0.84794,0.67841,0.78395,0.56748,0.94621,3.97e-06,3.97e-06,3.97e-06
487,5516.48,0.53608,0.3404,0.8967,0.90518,0.7576,0.8481,0.67888,0.78381,0.56679,0.94633,3.772e-06,3.772e-06,3.772e-06
488,5527.56,0.5248,0.3359,0.89706,0.90279,0.76037,0.84813,0.67815,0.78436,0.56618,0.94798,3.574e-06,3.574e-06,3.574e-06
489,5538.49,0.50204,0.32756,0.87271,0.9031,0.7588,0.84835,0.67931,0.78269,0.56698,0.94635,3.376e-06,3.376e-06,3.376e-06
490,5549.55,0.49455,0.33166,0.87662,0.90196,0.75832,0.84838,0.67966,0.7833,0.56834,0.94624,3.178e-06,3.178e-06,3.178e-06
491,5591.64,0.46125,0.27338,0.84142,0.88869,0.76855,0.84775,0.67623,0.78384,0.56314,0.94631,2.98e-06,2.98e-06,2.98e-06
492,5602.46,0.45473,0.27581,0.83732,0.90047,0.7597,0.84669,0.67392,0.78575,0.56094,0.94852,2.782e-06,2.782e-06,2.782e-06
493,5613.37,0.45641,0.27326,0.84273,0.90554,0.75832,0.84548,0.6708,0.78648,0.55928,0.94925,2.584e-06,2.584e-06,2.584e-06
494,5624.13,0.48992,0.30952,0.87167,0.91019,0.7573,0.84466,0.67062,0.78743,0.56102,0.95088,2.386e-06,2.386e-06,2.386e-06
495,5634.94,0.43279,0.2591,0.8311,0.90914,0.7573,0.84355,0.67014,0.78819,0.56252,0.95157,2.188e-06,2.188e-06,2.188e-06
496,5645.71,0.51299,0.29853,0.89886,0.91053,0.75781,0.84333,0.66973,0.78781,0.56177,0.95148,1.99e-06,1.99e-06,1.99e-06
497,5656.46,0.44374,0.26777,0.84312,0.91009,0.7573,0.84319,0.66874,0.78742,0.56077,0.9514,1.792e-06,1.792e-06,1.792e-06
498,5667.3,0.50576,0.28702,0.86228,0.91013,0.75627,0.84249,0.66867,0.78786,0.56162,0.95136,1.594e-06,1.594e-06,1.594e-06
499,5678.17,0.53831,0.29842,0.90492,0.91035,0.75781,0.84242,0.66807,0.78786,0.56183,0.95131,1.396e-06,1.396e-06,1.396e-06
500,5689.06,0.44561,0.27099,0.83929,0.90832,0.75781,0.84288,0.66872,0.78864,0.56118,0.95147,1.198e-06,1.198e-06,1.198e-06
